method,add_time,search_time,memory,recall
VectorDB_e40_M4_s8_memonlyTrue,1.899507999420166,0.0004911422729492188,1.5375690460205078,0.06399999999999999
VectorDB_e100_M8_s32_memonlyTrue,6.427598237991333,0.0023937225341796875,1.5266342163085938,0.218
VectorDB_e200_M16_s64_memonlyTrue,23.523519039154053,0.007868051528930664,1.5266342163085938,0.546
VectorDB_e400_M32_s128_memonlyFalse,76.16398501396179,0.02680826187133789,1.5391845703125,0.8940000000000002
VectorDB_e800_M64_s256_memonlyTrue,143.09045815467834,0.10441899299621582,1.5266342163085938,0.9990000000000001
FAISS,0.24925017356872559,0.06113314628601074,0.011993408203125,1.0
